{
	"maxdrone":5,
	"location":[0.0,0.0,0.0],
	"speed":10,
	"acc":2,
	"port":"7900",
	"bias": [ 
			 	[-14.222207999619478, -6.733035658791971, 0.0],
			 	[0.0, 0.0, 0.0],
			 	[5.0,5.0,0.0],
			 	[-5.0,-5.0,0.0],
			 	[5.0, -5.0, 0.0]
			 ]
}